{
  "rows": 300,
  "target": "cda",
  "condition": {
    "V": 134.11,
    "alpha_deg": 0.0,
    "n_base_drones": 1
  },
  "eval_regime": "OOF R2 = INTERPOLATION within ONE drone's treatment space (not universal)",
  "knobs_only": {
    "best_model": "extratrees",
    "global": {
      "hgb": {
        "rmse": 0.000434738312138128,
        "r2": 0.9433283046747093
      },
      "extratrees": {
        "rmse": 0.00030885386884808906,
        "r2": 0.9713966785611785
      },
      "mlp": {
        "rmse": 0.015999697028448168,
        "r2": -75.75981028407988
      },
      "ridge": {
        "rmse": 0.001181211234475396,
        "r2": 0.5816252049252928
      },
      "knn": {
        "rmse": 0.0008711324868531437,
        "r2": 0.7724489756037545
      },
      "lgbm": {
        "rmse": 0.000444738827145806,
        "r2": 0.9406910182704622
      }
    },
    "best": {
      "rmse": 0.00030885386884808906,
      "r2": 0.9713966785611785
    },
    "confidence": {
      "rmse@100%": 0.00030885386884808906,
      "rmse@50%": 0.00020997168947062394,
      "rmse@25%": 0.0001887559436105584
    }
  },
  "knobs_plus_geometry": {
    "best_model": "extratrees",
    "global": {
      "hgb": {
        "rmse": 0.00042927725566851727,
        "r2": 0.9447431488456813
      },
      "extratrees": {
        "rmse": 0.0003150367098518706,
        "r2": 0.9702400154614687
      },
      "mlp": {
        "rmse": 0.03257493082253497,
        "r2": -317.18329804176534
      },
      "ridge": {
        "rmse": 0.0008353341142378113,
        "r2": 0.7907666971030602
      },
      "knn": {
        "rmse": 0.0009590557028875766,
        "r2": 0.7241976011759963
      },
      "lgbm": {
        "rmse": 0.0004350897637759381,
        "r2": 0.943236638445207
      }
    },
    "best": {
      "rmse": 0.0003150367098518706,
      "r2": 0.9702400154614687
    },
    "confidence": {
      "rmse@100%": 0.0003150367098518707,
      "rmse@50%": 0.00021607272286344083,
      "rmse@25%": 0.0001962719117406971
    }
  },
  "extrapolation_tail": {
    "knob": "tail_len",
    "thr": 1.8349818031962994,
    "n_test": 60,
    "r2": -0.20527329615228007,
    "rmse": 0.00030073051503598844
  }
}