{
  "rows": 13845,
  "features": [
    "fineness",
    "A_front",
    "A_plan",
    "A_wet",
    "Dmax",
    "vol",
    "wet_front",
    "plan_front",
    "grow",
    "nose_frac",
    "tail_frac",
    "round_exp",
    "Re",
    "Mach",
    "alpha_deg"
  ],
  "regime_counts": {
    "high": 4571,
    "low": 4658,
    "mid": 4616
  },
  "targets": {
    "Cd": {
      "global": {
        "hgb": {
          "rmse": 0.13223715487426932,
          "r2": 0.8014954383803685
        },
        "extratrees": {
          "rmse": 0.12702825288225236,
          "r2": 0.8168258656555589
        },
        "mlp": {
          "rmse": 0.15078438111901057,
          "r2": 0.7419070072646285
        },
        "ridge": {
          "rmse": 0.2377047948785789,
          "r2": 0.3585846007637541
        },
        "knn": {
          "rmse": 0.20578466393555356,
          "r2": 0.519282967871753
        },
        "lgbm": {
          "rmse": 0.12794958696003164,
          "r2": 0.8141591109487207
        }
      },
      "best_global": {
        "model": "extratrees",
        "rmse": 0.12702825288225236,
        "r2": 0.8168258656555589
      },
      "per_regime_best": {
        "rmse": 0.143427671438178,
        "r2": 0.7664771441210921
      },
      "winner": "global",
      "confidence_selective_rmse": {
        "rmse@100%": 0.12702825288225236,
        "rmse@50%": 0.040034874617935506,
        "rmse@25%": 0.03338050130358564
      }
    },
    "Cl": {
      "global": {
        "hgb": {
          "rmse": 0.05261921990324449,
          "r2": 0.3884616175836647
        },
        "extratrees": {
          "rmse": 0.05315739590916097,
          "r2": 0.37588832826254404
        },
        "mlp": {
          "rmse": 0.05950526260232736,
          "r2": 0.217929936753261
        },
        "ridge": {
          "rmse": 0.05969834688201455,
          "r2": 0.2128463383801259
        },
        "knn": {
          "rmse": 0.059017680414165455,
          "r2": 0.23069388893582687
        },
        "lgbm": {
          "rmse": 0.05246744246689888,
          "r2": 0.3919844316465426
        }
      },
      "best_global": {
        "model": "lgbm",
        "rmse": 0.05246744246689888,
        "r2": 0.3919844316465426
      },
      "per_regime_best": {
        "rmse": 0.05496698624078445,
        "r2": 0.33267290054639687
      },
      "winner": "global",
      "confidence_selective_rmse": {
        "rmse@100%": 0.05246744246689888,
        "rmse@50%": 0.01589737184652864,
        "rmse@25%": 0.011133030844210332
      }
    }
  }
}